{"Regular": [[10000, 0.07959553500040784], [20000, 0.16123961099947337], [30000, 0.24277843000163557], [40000, 0.32880629599821987], [50000, 0.4090158990002237], [60000, 0.49507974500011187], [70000, 0.5775821780007391], [80000, 0.6607216100019286], [90000, 0.740101183000661], [100000, 0.8267289309987973], [200000, 1.6659447499987436], [300000, 2.5181051430008665], [400000, 3.3407877030003874], [500000, 4.168296965999616], [600000, 4.988448307001818], [700000, 5.799439880000136], [800000, 6.614807883997855], [900000, 7.445484730000317], [1000000, 8.262366516999464], [2000000, 16.47867732799932], [3000000, 24.501322413998423], [4000000, 32.78799576600068], [5000000, 40.5772515130011], [6000000, 48.75251217599725], [7000000, 56.75951654700111], [8000000, 64.75703644700116], [9000000, 72.75715358399975], [10000000, 80.54452552800285], [20000000, 160.21114878799926], [30000000, 239.60020843799794], [40000000, 321.31196741900203], [50000000, 397.65206530499927], [60000000, 476.4328658550003], [70000000, 554.4155232929988], [80000000, 633.0223244539993], [90000000, 711.6766171400013], [110000000, 867.9935420190013], [120000000, 946.3883837920002], [130000000, 1024.2877898779989], [140000000, 1102.546498456999], [150000000, 1200.5952570949994], [160000000, 1257.726473019], [170000000, 1334.6360708389984], [180000000, 1412.9594668709979], [190000000, 1490.8597020929992], [200000000, 1567.1900858559966]], "Otimizado": [[10000, 0.28576983400125755], [20000, 0.011259471997618675], [30000, 0.016763223000452854], [40000, 0.02234719199623214], [50000, 0.02819961500063073], [60000, 0.03363880200049607], [70000, 0.03942849400482373], [80000, 0.04558373100007884], [90000, 0.05115433199534891], [100000, 0.04235709400381893], [200000, 0.08416512200346915], [300000, 0.12626764800370438], [400000, 0.16829034500551643], [500000, 0.2102510219992837], [600000, 0.2522343730015564], [700000, 0.29412487400259124], [800000, 0.3360334809985943], [900000, 0.3777695680037141], [1000000, 0.41966688700631494], [2000000, 0.8388177699962398], [3000000, 1.2566973270004382], [4000000, 1.6734414940001443], [5000000, 2.0914900900024804], [6000000, 2.5070964219994494], [7000000, 2.9233177179994527], [8000000, 3.339269591997436], [9000000, 3.7541906999977073], [10000000, 4.169225251003809], [20000000, 8.305790913000237], [30000000, 12.417394841002533], [40000000, 16.511321017002047], [50000000, 20.603731267998228], [60000000, 24.670487752002373], [70000000, 28.734364354997524], [80000000, 32.78576979399804], [90000000, 36.82393516800221], [110000000, 44.88140893299715], [120000000, 48.90504228700593], [130000000, 52.92150487199979], [140000000, 56.897388185003365], [150000000, 60.89101101399865], [160000000, 64.87754477000271], [170000000, 68.89647548200446], [180000000, 72.86758397599624], [190000000, 76.82689653499983], [200000000, 80.78091028700146]]}