{"random_walk_naive(max_distance={0})": [[100, 0.4292956689987477], [200, 0.5290110419991834], [300, 0.6016016300000047], [400, 0.6700125789993763], [500, 0.7486896320006053], [600, 0.769960440999057], [700, 0.8104591649989743], [800, 0.8443674840000313], [900, 0.885474492000867]], "random_walk_naive_numba(max_distance={0})": [[100, 0.36495104000096035], [200, 0.09144780000133323], [300, 0.10140084299928276], [400, 0.11001506300090114], [500, 0.1197084889990947], [600, 0.12265088499952981], [700, 0.12704874600058247], [800, 0.1350012910006626], [900, 0.13434834699910425]], "random_walk_naive_numba2(max_distance={0})": [[100, 0.1882655560002604], [200, 0.061995586000193725], [300, 0.06677311199928226], [400, 0.07197798699962732], [500, 0.07466701399971498], [600, 0.0775224650005839], [700, 0.08051138699920557], [800, 0.08323276599912788], [900, 0.08488153999860515]], "random_walk_simul(max_distance={0})": [[100, 1.323516603999451], [200, 1.566229813000973], [300, 1.900933969000107], [400, 2.0284991240005183], [500, 2.208147312998335], [600, 2.378077015000599], [700, 2.4999187299999903], [800, 2.606745160999708], [900, 2.7197315899993555]], "random_walk_simul_nnp(max_distance={0})": [[100, 0.5759758619988133], [200, 0.7293838109999342], [300, 0.8333845699999074], [400, 0.971242252000593], [500, 1.08362394300093], [600, 1.116786372000206], [700, 1.193240259999584], [800, 1.2521126540013938], [900, 1.2813924649999535]], "random_walk_simul_numba(max_distance={0})": [[100, 0.19097410300128104], [200, 0.06830001499838545], [300, 0.07439400800103613], [400, 0.08016751300056058], [500, 0.08248249200005375], [600, 0.08697557800041977], [700, 0.09031936500105076], [800, 0.0944025770004373], [900, 0.09512988299866265]]}