{"random_walk_naive(max_distance={0})": [[100, 0.4115835190023063], [200, 0.5135673919976398], [300, 0.6069694550023996], [400, 0.662885213001573], [500, 0.7114041149980039], [600, 0.7626960260022315], [700, 0.8175891300015792], [800, 0.8349452490001568], [900, 0.8937846260014339]], "random_walk_naive_numba(max_distance={0})": [[100, 0.5538131719986268], [200, 0.09032243999899947], [300, 0.09988081299889018], [400, 0.1085102580000239], [500, 0.11612599699947168], [600, 0.12089021400242927], [700, 0.12607000500065624], [800, 0.1304188560025068], [900, 0.13617117099784082]], "random_walk_naive_numba2(max_distance={0})": [[100, 0.18347461500161444], [200, 0.06073896300222259], [300, 0.06514587000128813], [400, 0.07057718799842405], [500, 0.07417047400304], [600, 0.07731004699962796], [700, 0.07995741199920303], [800, 0.08130349700149964], [900, 0.08380570900044404]], "random_walk_simul(max_distance={0})": [[100, 1.2815355789971363], [200, 1.514736967998033], [300, 1.8685175419996085], [400, 1.9771777339992695], [500, 2.115507254999102], [600, 2.343622886997764], [700, 2.4099477089985157], [800, 2.5398446360013622], [900, 2.6103901299975405]], "random_walk_simul_nnp(max_distance={0})": [[100, 0.5584783769991191], [200, 0.7290904409965151], [300, 0.8589797349995933], [400, 0.9242818389975582], [500, 1.0300477970013162], [600, 1.0949127929998212], [700, 1.1512686210007814], [800, 1.187422818999039], [900, 1.257765747999656]], "random_walk_simul_numba(max_distance={0})": [[100, 0.18384680899907835], [200, 0.06671447999906377], [300, 0.07337079200078733], [400, 0.07772968699646299], [500, 0.08178774200132466], [600, 0.08538523799870745], [700, 0.08857898299902445], [800, 0.0918681920011295], [900, 0.09298015199965448]]}